name,group,resolution,fps,bitrate,tvg_id,tvg_logo,url,source
A Spor (1080p),Sports,,,,ASpor.tr@SD,https://i.imgur.com/ZhkZzLf.png,https://rnttwmjcin.turknet.ercdn.net/lcpmvefbyo/aspor/aspor.m3u8,iptv-org
ACI Sport TV (1080p),Sports,,,,ACISportTV.it@SD,https://i.imgur.com/U8cHMOt.png,https://webstream.multistream.it/memfs/e2cb3629-c1a2-495b-b43a-9eb386f04ed8.m3u8,iptv-org
ADO TV (720p),Kids;Sports,,,,ADOTV.bj@SD,https://i.imgur.com/pxFamLr.png,https://strhls.streamakaci.tv/ortb/ortb2-multi/playlist.m3u8,iptv-org
Alkass Four (1080p),Sports,,,,AlkassFour.qa@SD,https://i.imgur.com/iDL65Wu.png,https://liveeu-gcp.alkassdigital.net/alkass4-p/main.m3u8,iptv-org
Alkass One (1080p),Sports,,,,AlkassOne.qa@SD,https://i.imgur.com/10mmlha.png,https://liveeu-gcp.alkassdigital.net/alkass1-p/main.m3u8,iptv-org
Alkass SHOOF (1080p),Sports,,,,AlkassSHOOF.qa@SD,https://shoof.alkass.net/assets/images/shoof.png,https://liveeu-gcp.alkassdigital.net/shooflive/main.m3u8,iptv-org
Alkass SHOOF 2 (1080p),Sports,,,,AlkassSHOOF2.qa@SD,https://shoof.alkass.net/assets/images/shoof2.png,https://liveeu-gcp.alkassdigital.net/shooflive2/main.m3u8,iptv-org
Alkass Six (1080p),Sports,,,,AlkassSix.qa@SD,https://i.imgur.com/CrPSPSC.png,https://liveeu-gcp.alkassdigital.net/alkass6-p/main.m3u8,iptv-org
Alkass Three (1080p),Sports,,,,AlkassThree.qa@SD,https://i.imgur.com/d57BdFh.png,https://liveeu-gcp.alkassdigital.net/alkass3-p/main.m3u8,iptv-org
Alkass Two (1080p),Sports,,,,AlkassTwo.qa@SD,https://i.imgur.com/8w61kFX.png,https://liveeu-gcp.alkassdigital.net/alkass2-p/main.m3u8,iptv-org
Arryadia (480p),Sports,,,,Arryadia.ma@SD,https://i.imgur.com/XjzK3gZ.png,https://snrtworker.kharazbelaid.workers.dev/?id=arryadia.m3u8,iptv-org
Arryadia HD 2 (1080p),Sports,,,,ArryadiaHD2.ma@HD,https://i.ibb.co/jPFCVFNS/image-removebg-preview-3.png,https://stream-lb.livemediama.com/arryadia-hd-02/hls/master.m3u8,iptv-org
AS3 Sport TV (1080p),Sports,,,,AS3SportTV.ve@SD,https://i.ibb.co/bRmGbsyV/A3-SPORTTV.jpg,https://streamtv.as3sport.online:3394/hybrid/play.m3u8,iptv-org
ATG Live (720p),Sports,,,,ATGLive.se@SD,https://i.imgur.com/bPWFXkL.png,https://kanal75xto-llhls.akamaized.net/live/Data/atg-kanal-15-02a-rr/HLS-Legacy-HL/atg-kanal-15-02a-rr.m3u8,iptv-org
Bahrain Sports 1 (720p) [Not 24/7],Sports,,,,BahrainSports1.bh@SD,https://i.imgur.com/fBpLsbC.png,https://5c7b683162943.streamlock.net/live/ngrp:sportsone_all/playlist.m3u8,iptv-org
Bahrain Sports 2 (720p) [Not 24/7],Sports,,,,BahrainSports2.bh@SD,https://i.imgur.com/ZkuZmIo.png,https://5c7b683162943.streamlock.net/live/ngrp:bahrainsportstwo_all/playlist.m3u8,iptv-org
beIN Sports USA (720p),Sports,,,,beINSportsUSA.us@SD,https://upload.wikimedia.org/wikipedia/commons/thumb/d/d6/BeIN_Sports_logo_%28vertical_version%29.svg/500px-BeIN_Sports_logo_%28vertical_version%29.svg.png,http://23.237.104.106:8080/USA_BEIN/index.m3u8,iptv-org
beIN SPORTS XTRA (1080p),Sports,,,,beINSPORTSXTRA.us@SD,https://i.ibb.co/HT49GPmB/XTRA-2.png,https://bein-xtra-bein.amagi.tv/playlist.m3u8,iptv-org
beIN Sports XTRA en Espanol (1080p),Sports,,,,beINSPORTSXTRAenEspanol.us@SD,https://i.imgur.com/V562tpO.png,https://dc1644a9jazgj.cloudfront.net/beIN_Sports_Xtra_Espanol.m3u8,iptv-org
BEK TV Sports West (720p),Sports,,,,BEKSports.us@West,https://i.imgur.com/1l3t5jd.png,https://cdn3.wowza.com/5/ZWQ1K2NYTmpFbGsr/BEK-WOWZA-1/smil:BEKPRIMEW.smil/playlist.m3u8,iptv-org
Bellator MMA,Sports,,,,BellatorMMA.us@SD,https://i.imgur.com/VBKoLHk.png,https://jmp2.uk/plu-5ebc8688f3697d00072f7cf8.m3u8,iptv-org
Billiard TV (1080p),Sports,,,,BilliardTV.us@SD,https://i.imgur.com/BZijfKh.png,https://1621590671.rsc.cdn77.org/HLS/BILLIARDTV.m3u8,iptv-org
Canal+ Sport (1080p),Sports,,,,CanalPlusSport.fr@SD,https://i.imgur.com/EOXnU15.png,http://151.80.18.177:86/Canal+_sport_HD/index.m3u8,iptv-org
CBS Sports Golazo Network (720p),Sports,,,,CBSSportsGolazoNetwork.us@SD,https://i.imgur.com/eMjutHS.png,https://proped3fhg87.airspace-cdn.cbsivideo.com/golazo-live-dai/master/golazo-live-dai.m3u8,iptv-org
CBS Sports HQ (1080p) [Geo-blocked],Sports,,,,CBSSportsHQ.us@SD,https://i.imgur.com/q8BENJg.png,https://propee33f9c2.airspace-cdn.cbsivideo.com/index.m3u8,iptv-org
CCTV-16 (1080p),Sports,,,,CCTV16.cn@HD,https://i.imgur.com/ZzV6JQp.png,http://74.91.26.218:82/live/cctv16hd.m3u8,iptv-org
CCTV-Billiards (1080p),Sports,,,,CCTVBilliards.cn@HD,https://i.imgur.com/WK3keM9.png,http://38.75.136.137:98/gslb/dsdqpub/ystq.m3u8?auth=testpub,iptv-org
Claro Sports (720p),Sports,,,,ClaroSports.mx@SD,https://i.imgur.com/n0kd17r.png,https://jmp2.uk/plu-6320d2755e54db000783fd87.m3u8,iptv-org
ColimdoT TV (720p),Sports,,,,ColimdoTV.do@SD,https://i.imgur.com/ZeUgLCa.png,https://cnn.livestreaminggroup.info:3132/live/colimdotvlive.m3u8,iptv-org
Cricket Gold (1080p),Sports,,,,CricketGold.au@SD,https://resources.cricket-australia.pulselive.com/cricket-australia/photo/2025/07/25/836eddae-4329-4542-ad17-dcd37e9d951a/Cricket-Gold-1920x1080_noBG.png,https://streams2.sofast.tv/ptnr-yupptv/title-cricketgold/v1/master/611d79b11b77e2f571934fd80ca1413453772ac7/b2048bb8-1686-4432-aa50-647245383e0c/manifest.m3u8,iptv-org
ČT Sport (720p),Sports,,,,CTSport.cz@SD,https://upload.wikimedia.org/wikipedia/commons/thumb/7/72/%C4%8CT_sport_logo.png/960px-%C4%8CT_sport_logo.png,http://88.212.15.19/live/test_ctsport_25p/playlist.m3u8,iptv-org
DAZN Combat (1080p),Sports,,,,DAZNCombat.uk@Poland,https://i.postimg.cc/VsW3Jsrz/logo-DAZN-Combat.png,https://dazn-combat-rakuten.amagi.tv/hls/amagi_hls_data_rakutenAA-dazn-combat-rakuten/CDN/master.m3u8,iptv-org
DAZN Combat (684p),Sports,,,,DAZNCombat.uk@SD,https://i.postimg.cc/VsW3Jsrz/logo-DAZN-Combat.png,https://jmp2.uk/plu-64d626ac9b414d000820e2fc.m3u8,iptv-org
DAZN Darts x Pluto TV,Sports,,,,DAZNDartsxPlutoTV.de@DACH,https://images.pluto.tv/channels/64b67f0424ade50008a3be17/colorLogoPNG.png,https://jmp2.uk/plu-64b67f0424ade50008a3be17.m3u8,iptv-org
DAZN Handball x Pluto TV,Sports,,,,DAZNHandballxPlutoTV.de@DACH,https://images.pluto.tv/channels/6683f7fe36a2f9000804940c/colorLogoPNG.png,https://jmp2.uk/plu-6683f7fe36a2f9000804940c.m3u8,iptv-org
DAZN Heldinnen x Pluto TV,Sports,,,,DAZNHeldinnenxPlutoTV.de@DACH,https://images.pluto.tv/channels/64afe50c5dc16600087f3227/colorLogoPNG.png,https://jmp2.uk/plu-64afe50c5dc16600087f3227.m3u8,iptv-org
DD Sports SD (1080p),Sports,,,,DDSports.in@SD,https://dtil.tmsimg.com/assets/s158255_ld_h15_aa.png?lock=720x540,https://d3qs3d2rkhfqrt.cloudfront.net/out/v1/b17adfe543354fdd8d189b110617cddd/index.m3u8,iptv-org
Digi Sport 1 HD,Sports,,,,DigiSport1.ro@HD,https://i.imgur.com/5zMxDYq.png,https://dokagents.site/live/digisport1/mono.m3u8,iptv-org
Digi Sport 2 HD,Sports,,,,DigiSport2.ro@HD,https://i.imgur.com/KWDUi3v.png,https://dokagents.site/live/digisport2/mono.m3u8,iptv-org
Digi Sport 4,Sports,,,,DigiSport4.ro@SD,https://i.imgur.com/Knj9I6f.png,https://dokagents.site/live/digisport4/mono.m3u8,iptv-org
DraftKings Network (1080p),Sports,,,,DraftKingsNetwork.us@SD,https://i.imgur.com/SFYhgrt.png,https://na.linear.zype.com/e0bd0e23-a958-4e43-8164-4f2fef8876a8/fd3614bd-90bf-4530-a277-65ae3a1720c8-zype/live.m3u8,iptv-org
Equalympic (1080p),Sports,,,,Equalympic.ua@SD,https://i.imgur.com/ixSj4H7.png,https://iptv.prosto.tv/ch215/index.m3u8,iptv-org
Equidia (1080p),Sports,,,,Equidia.fr@SD,https://i.imgur.com/QPpbRcZ.png,https://raw.githubusercontent.com/Paradise-91/ParaTV/main/streams/equidia/live2.m3u8,iptv-org
ESPNU (720p),Sports,,,,ESPNU.us@SD,https://i.imgur.com/HiBrysh.png,http://23.237.104.106:8080/USA_ESPNU/index.m3u8,iptv-org
F1 Channel (1080p) [Geo-blocked],Sports,,,,F1Channel.ie@US,https://i.imgur.com/cjXzWsI.png,https://amg12058-c15studio-amg12058c1-lg-us-5787.playouts.now.amagi.tv/playlist.m3u8,iptv-org
FanDuel Racing,Sports,,,,FanDuelRacing.us@SD,https://i.imgur.com/84lMjSj.png,https://d3ehq1uaxory6w.cloudfront.net/out/v1/35c05f080f4e49a4b4eb031b5a14e505/TVG2index_2.m3u8,iptv-org
FanDuel TV (720p),Sports,,,,FanDuelTV.us@SD,https://i.imgur.com/YPHrFU0.png,https://d2jl8r92tdc3f1.cloudfront.net/out/v1/59419700344b4625b7cb0693ba265ea3/TVGindex_1.m3u8,iptv-org
Fast&FunBox (1080p),Sports,,,,FastFunBox.ru@SD,https://spiintl.com/data/files/kcfinderUploadDir/images/logo/fastandfunbox-logo.png,https://iptv.prosto.tv/ch120/index.m3u8,iptv-org
FB TV,Sports,,,,FBTV.tr@SD,https://i.imgur.com/qBVqtYd.png,http://1hskrdto.rocketcdn.com/fenerbahcetv.smil/playlist.m3u8,iptv-org
FIFA+ (720p),Sports,,,,FIFAPlus.uk@English,https://upload.wikimedia.org/wikipedia/commons/thumb/9/9c/FIFA%2B_(2025).svg/960px-FIFA%2B_(2025).svg.png,https://jmp2.uk/plu-660c29b5aec9680008f5b4a4.m3u8,iptv-org
FIFA+ French (720p),Sports,,,,FIFAPlus.uk@French,https://upload.wikimedia.org/wikipedia/commons/thumb/9/9c/FIFA%2B_(2025).svg/960px-FIFA%2B_(2025).svg.png,https://37b4c228.wurl.com/master/f36d25e7e52f1ba8d7e56eb859c636563214f541/UmFrdXRlblRWLWZyX0ZJRkFQbHVzRnJlbmNoX0hMUw/playlist.m3u8,iptv-org
FIFA+ German (720p),Sports,,,,FIFAPlus.uk@German,https://upload.wikimedia.org/wikipedia/commons/thumb/9/9c/FIFA%2B_(2025).svg/960px-FIFA%2B_(2025).svg.png,https://4397879b.wurl.com/master/f36d25e7e52f1ba8d7e56eb859c636563214f541/UmFrdXRlblRWLWRlX0ZJRkFQbHVzR2VybWFuX0hMUw/playlist.m3u8,iptv-org
FIFA+ Hispanic America (720p),Sports,,,,FIFAPlus.uk@HispanicAmerica,https://upload.wikimedia.org/wikipedia/commons/thumb/9/9c/FIFA%2B_(2025).svg/960px-FIFA%2B_(2025).svg.png,https://6c849fb3.wurl.com/master/f36d25e7e52f1ba8d7e56eb859c636563214f541/TEctbXhfRklGQVBsdXNTcGFuaXNoLTFfSExT/playlist.m3u8,iptv-org
FIFA+ Italy (720p),Sports,,,,FIFAPlus.uk@Italy,https://upload.wikimedia.org/wikipedia/commons/thumb/9/9c/FIFA%2B_(2025).svg/960px-FIFA%2B_(2025).svg.png,https://5d95f7d7.wurl.com/master/f36d25e7e52f1ba8d7e56eb859c636563214f541/UmFrdXRlblRWLWl0X0ZJRkFQbHVzSXRhbGlhbl9ITFM/playlist.m3u8,iptv-org
FIFA+ Portuguese (720p),Sports,,,,FIFAPlus.uk@Portuguese,https://upload.wikimedia.org/wikipedia/commons/thumb/9/9c/FIFA%2B_(2025).svg/960px-FIFA%2B_(2025).svg.png,https://e3be9ac5.wurl.com/master/f36d25e7e52f1ba8d7e56eb859c636563214f541/TEctYnJfRklGQVBsdXNQb3J0dWd1ZXNlX0hMUw/playlist.m3u8,iptv-org
FIFA+ Spain (720p),Sports,,,,FIFAPlus.uk@Spain,https://upload.wikimedia.org/wikipedia/commons/thumb/9/9c/FIFA%2B_(2025).svg/960px-FIFA%2B_(2025).svg.png,https://d63fabad.wurl.com/master/f36d25e7e52f1ba8d7e56eb859c636563214f541/UmFrdXRlblRWLWVzX0ZJRkFQbHVzU3BhbmlzaF9ITFM/playlist.m3u8,iptv-org
FIFA+ United States (720p),Sports,,,,FIFAPlus.uk@UnitedStates,https://upload.wikimedia.org/wikipedia/commons/thumb/9/9c/FIFA%2B_(2025).svg/960px-FIFA%2B_(2025).svg.png,https://d2w9q46ikgrcwx.cloudfront.net/v1/master/3722c60a815c199d9c0ef36c5b73da68a62b09d1/cc-of5cbk3sav3w5/v1/sysdata_s_p_a_fifa_7/samsungheadend_us/latest/main/hls/playlist.m3u8,iptv-org
FIFA+ Women (720p),Sports,,,,FIFAPlusWomen.uk@English,https://i.imgur.com/xy9ZxVO.png,https://cffda8ff.wurl.com/master/f36d25e7e52f1ba8d7e56eb859c636563214f541/U2Ftc3VuZy1nYl9GSUZBUGx1c3dvbWVuX0hMUw/playlist.m3u8,iptv-org
FightBox,Sports,,,,FightBox.nl@HD,https://i.imgur.com/mRsnztA.png,https://iptv.prosto.tv/ch118/index.m3u8,iptv-org
FightBox,Sports,,,,FightBox.nl@SD,https://i.imgur.com/mRsnztA.png,https://webtvstream.bhtelecom.ba/hls7/fightbox.m3u8,iptv-org
FITE 24/7 (1080p),Sports,,,,FITE247.us@SD,https://i.imgur.com/ESV6qgH.png,https://d3d85c7qkywguj.cloudfront.net/scheduler/scheduleMaster/263.m3u8,iptv-org
FloHockey 24/7 (1080p),Sports,,,,FloHockey.us@HD,https://images.fubo.tv/channel-config-ui/station-logos/on-dark/flohockey-white.png,https://amg02278-amg02278c2-flosports-worldwide-9916.playouts.now.amagi.tv/playlist.m3u8,iptv-org
FloRacing 24/7 (1080p),Sports,,,,FloRacing.us@HD,https://images.fubo.tv/channel-config-ui/station-logos/on-dark/floracing-white.png,https://amg02278-amg02278c1-flosports-worldwide-7592.playouts.now.amagi.tv/playlist.m3u8,iptv-org
FOX Sports (720p),Sports,,,,FoxSports.ar@SD,https://upload.wikimedia.org/wikipedia/commons/thumb/0/0c/FOX_Sports_logo.svg/960px-FOX_Sports_logo.svg.png,https://jmp2.uk/plu-5a74b8e1e22a61737979c6bf.m3u8,iptv-org
FTF Sports (720p),Sports,,,,FTFSports.us@SD,https://i.imgur.com/yvUjOI3.png,https://1657061170.rsc.cdn77.org/HLS/FTF-LINEAR.m3u8,iptv-org
FTV (720p),Sports,,,,FTV.bo@SD,https://i.imgur.com/YOr1Oac.png,https://master.tucableip.com/ftvhd/index.m3u8,iptv-org
fubo Sports Network (1080p),Sports,,,,FuboSportsNetwork.us@SD,https://i.imgur.com/qFNRJLb.png,https://dnf08l6u6uxnz.cloudfront.net/master.m3u8,iptv-org
Fuel TV (1080p),Sports,,,,FUELTV.pt@AU,https://i.imgur.com/I8mviBy.png,https://amg01074-fueltv-fueltvau-samsungau-g09kq.amagi.tv/playlist/amg01074-fueltv-fueltvau-samsungau/playlist.m3u8,iptv-org
FUEL TV (1080p),Sports,,,,FUELTV.pt@EMEA,https://i.imgur.com/I8mviBy.png,https://amg01074-fueltv-fueltvemeaen-rakuten-b6j62.amagi.tv/hls/amagi_hls_data_rakutenAA-fueltvemeaen/CDN/master.m3u8,iptv-org
Fuel TV (1080p),Sports,,,,FUELTV.pt@SD,https://i.imgur.com/I8mviBy.png,https://amg01074-fueltv-amg01074c1-stirr-us-4214.playouts.now.amagi.tv/playlist.m3u8,iptv-org
FUEL TV (1080p),Sports,,,,FUELTV.pt@US,https://i.imgur.com/I8mviBy.png,https://d35j504z0x2vu2.cloudfront.net/v1/master/0bc8e8376bd8417a1b6761138aa41c26c7309312/fuel-tv/playlist.m3u8?ads.vf=gbdyvfXODOK,iptv-org
ge Fast (1080p),Sports,,,,geFast.br@SD,https://i.ibb.co/WGXHDnF/logo-ge-fast.png,https://amg00716-globo-amg00716c1-tcl-br-9495.playouts.now.amagi.tv/playlist.m3u8,iptv-org
GLORY Kickboxing (720p),Sports,,,,GloryKickboxing.us@Poland,https://i.imgur.com/tS7Ub7i.png,https://6f972d29.wurl.com/master/f36d25e7e52f1ba8d7e56eb859c636563214f541/UmFrdXRlblRWLWV1X0dsb3J5S2lja2JveGluZ19ITFM/playlist.m3u8,iptv-org
Gol Classics (1080p),Sports,,,,GolClassics.es@SD,https://golstadium.com/_next/image?url=%2Fimg%2Fhome%2Fchannels%2Fthumb-gol-classics.jpg&w=1920&q=75,https://d71gqtnep83vb.cloudfront.net/gol_classics/gol_classics.m3u8,iptv-org
Hard Knocks (1080p),Sports,,,,HardKnocks.ca@SD,https://i.imgur.com/nt9B6jx.png,https://d3uyzhwvmemdyf.cloudfront.net/v1/master/9d062541f2ff39b5c0f48b743c6411d25f62fc25/Hard-Knocks-DistroTV/109.m3u8?ads.vf=6pOF6kgy418,iptv-org
Horse TV (720p),Sports,,,,HorseTV.it@SD,https://i.imgur.com/nK4UUX4.png,https://a-cdn.klowdtv.com/live2/horsetv_720p/playlist.m3u8,iptv-org
HTSpor TV (1080p),Sports,,,,HTSporTV.tr@SD,https://www.htspor.com/images/manifest/social-share-logo.png,https://ciner.daioncdn.net/ht-spor/ht-spor.m3u8?app=web,iptv-org
INTROUBLE (1080p),Auto;Outdoor;Sports,,,,InTrouble.nl@SD,https://i.imgur.com/a40chFI.png,https://amg00861-amg00861c6-stirr-us-8229.playouts.now.amagi.tv/playlist.m3u8,iptv-org
ITV Deportes (720p),Entertainment;Sports,,,,ITVDeportes.mx@SD,https://iili.io/J1kV1Bn.png,https://thm-it-roku.otteravision.com/thm/it/it.m3u8,iptv-org
Jordan Sport (1080p),Sports,,,,JordanSport.jo@SD,https://i.imgur.com/2EmrZPQ.png,http://93.184.10.248/JordanSport/index.m3u8,iptv-org
KCMN-LD6 (1080p),Sports,,,,KCMNLD426.us@SD,https://upload.wikimedia.org/wikipedia/commons/thumb/3/31/QVC_logo_2019.svg/960px-QVC_logo_2019.svg.png,https://cdn-uw2-prod.tsv2.amagi.tv/linear/amg02873-kravemedia-mtrspt1-distrotv/playlist.m3u8,iptv-org
KOZOOM TV (1080p),Sports,,,,KozoomTV.fr@SD,https://i.imgur.com/M1Ee79b.png,https://d35j504z0x2vu2.cloudfront.net/v1/master/0bc8e8376bd8417a1b6761138aa41c26c7309312/kozoom-tv/manifest.m3u8?ads.vf=CAJPqH6STD0,iptv-org
KSA Sports 1 (1080p),Sports,,,,KSASports1.sa@SD,https://i.imgur.com/ONKNOAp.png,https://aloula-redirect.vercel.app/9/playlist.m3u8,iptv-org
KSA Sports 2 (1080p),Sports,,,,KSASports2.sa@SD,https://i.imgur.com/v8ULLqg.png,https://aloula-redirect.vercel.app/10/playlist.m3u8,iptv-org
KSA Sports 3 (1080p),Sports,,,,KSASports3.sa@SD,https://i.imgur.com/BXfCvez.png,https://aloula-redirect.vercel.app/16/playlist.m3u8,iptv-org
KTV Sport (1080p),Sports,,,,KTVSport.kw@SD,https://i.imgur.com/R1hGX1d.png,https://kwtspta.cdn.mangomolo.com/sp/smil:sp.stream.smil/chunklist.m3u8,iptv-org
KTV Sport Plus (1080p),Sports,,,,KTVSportPlus.kw@SD,https://i.imgur.com/l4oX0gf.png,https://kwtsplta.cdn.mangomolo.com/spl/smil:spl.stream.smil/chunklist.m3u8,iptv-org
Lucha Libre AAA,Sports,,,,LuchaLibreAAA.us@SD,https://i.imgur.com/Nc7K060.png,https://jmp2.uk/plu-5f99a772c54853000797bf18.m3u8,iptv-org
MLB Channel (1080p) [Geo-blocked],Sports,,,,MLB.us@SD,https://i.imgur.com/ym3su2J.png,https://pb-2y9ox4r1fy550.akamaized.net/playlist.m3u8,iptv-org
MMA TV.com (1080p),Sports,,,,MMATVcom.ru@SD,https://i.imgur.com/QhdxNsB.png,https://streams2.sofast.tv/vglive-sk-462904/playlist.m3u8,iptv-org
Monster Jam (720p),Outdoor;Sports,,,,MonsterJam.us@SD,https://provider-static.plex.tv/epg/cms/production/23824964-562b-4498-9eaa-d6262cb7e0c3/Monster_Jam_Logo_on_Transparent_1500x1000_Casey_Murawski.png,https://jmp2.uk/plu-65bcc9c8d77d450008b34c6b.m3u8,iptv-org
More Than Sports TV (1080p),Sports,,,,MoreThanSportsTV.de@SD,https://i.imgur.com/SLrjImc.png,https://mts1.iptv-playoutcenter.de/mts/mts-web/playlist.m3u8,iptv-org
Nautical Channel (720p),Sports,,,,NauticalChannel.it@SD,https://i.imgur.com/2ByDyzL.png,https://a-cdn.klowdtv.com/live2/nautical_720p/playlist.m3u8,iptv-org
NBA TV (1080p) [Geo-blocked],Sports,,,,NBATV.us@SD,https://upload.wikimedia.org/wikipedia/en/thumb/d/d2/NBA_TV.svg/960px-NBA_TV.svg.png,https://amg00556-amg00556c3-firetv-us-6060.playouts.now.amagi.tv/playlist.m3u8,iptv-org
NBC Sports NOW (1080p),Sports,,,,NBCSportsNOW.us@SD,https://i.imgur.com/EzNf2Yx.png,https://d4whmvwm0rdvi.cloudfront.net/10007/99993008/hls/master.m3u8?ads.xumo_channelId=99993008,iptv-org
NFL Channel (1080p) [Geo-blocked],Sports,,,,NFLChannel.us@SD,https://i.imgur.com/mPGtwAP.png,https://pb-we3ltka9xobj6.akamaized.net/master.m3u8,iptv-org
NHRA TV (1080p),Sports,,,,NHRATV.us@SD,https://i.imgur.com/jZgcm4k.png,https://d265y4sk8257lt.cloudfront.net/nh.m3u8,iptv-org
Oman Sports TV (1080p) [Not 24/7],Sports,,,,OmanSportsTV.om@SD,https://i.imgur.com/1omi7p8.png,https://partneta.cdn.mgmlcdn.com/omsport/smil:omsport.stream.smil/chunklist.m3u8,iptv-org
Ovacion TV (720p) [Not 24/7],Sports,,,,OvacionTV.pe@SD,https://i.imgur.com/7Xndgxk.png,http://cdn2.ujjina.com:1935/iptvovacion1/liveovacion1tv/playlist.m3u8,iptv-org
Overtime (1080p),Sports,,,,Overtime.us@SD,https://i.imgur.com/9S9k4IK.png,https://d1a8aq6t30gkqj.cloudfront.net/v1/amc_overtime_1/samsungheadend_us/latest/main/hls/playlist_hd.m3u8,iptv-org
Pac 12 Insider (1080p),Sports,,,,Pac12Insider.us@SD,https://i.imgur.com/736QREy.png,https://pac12-firetv.amagi.tv/playlist.m3u8,iptv-org
PBR RidePass (720p),Sports,,,,PBRRidePass.us@SD,https://i.imgur.com/gUxH97E.png,https://jmp2.uk/plu-60d39387706fe50007fda8e8.m3u8,iptv-org
Persiana Fight,Sports,,,,PersianaFight.fr@HD,,https://fighthls.persiana.live/hls/stream.m3u8,iptv-org
PFL MMA (720p),Sports,,,,PFLMMA.us@SD,https://provider-static.plex.tv/epg/cms/production/96dd0531-b500-4bd4-93ca-763cbf46defe/1500x1000_PFL_SHIELD_DARK_BG_-_Allie_Dinsmore.png,https://jmp2.uk/plu-64f6180130ab3300083d896b.m3u8,iptv-org
PGA Tour (1080p),Sports,,,,PGATour.us@SD,https://i.imgur.com/J0TY9dG.png,https://d11k1mnrgfposz.cloudfront.net/playlist.m3u8,iptv-org
Pluto TV Competition,Sports,,,,PlutoTVCompetition.us@SD,https://images.pluto.tv/channels/603fde9026ecbf0007752c2c/colorLogoPNG.png,https://jmp2.uk/plu-603fde9026ecbf0007752c2c.m3u8,iptv-org
Pluto TV E-Sports,Sports,,,,PlutoTVESports.us@LatAm,https://images.pluto.tv/channels/5ff3934600d4c7000733ff49/colorLogoPNG.png,https://jmp2.uk/plu-5ff3934600d4c7000733ff49.m3u8,iptv-org
Pluto TV Fishing,Outdoor;Sports,,,,PlutoTVFishing.se@DK,https://images.pluto.tv/channels/619e1874e0d3a7000729a036/colorLogoPNG.png,https://jmp2.uk/plu-619e1874e0d3a7000729a036.m3u8,iptv-org
Pluto TV Håndbold Highlights,Sports,,,,PlutoTVHandboldHighlights.se@DK,https://images.pluto.tv/channels/68dfa431cc3c6cd904053100/colorLogoPNG_1761838112979.png,https://jmp2.uk/plu-68dfa431cc3c6cd904053100.m3u8,iptv-org
Pluto TV Håndbold Live,Sports,,,,PlutoTVHandboldLive.se@DK,https://images.pluto.tv/channels/6618f54baec96800081525ec/colorLogoPNG_1762173655031.png,https://jmp2.uk/plu-6618f54baec96800081525ec.m3u8,iptv-org
Pluto TV Handboll Highlights,Sports,,,,PlutoTVHandbollHighlights.se@SE,https://images.pluto.tv/channels/68dfa3e2cc3c6cd904052c41/colorLogoPNG_1761838923264.png,https://jmp2.uk/plu-68dfa3e2cc3c6cd904052c41.m3u8,iptv-org
Pluto TV Handboll Live,Sports,,,,PlutoTVHandbollLive.se@SE,https://images.pluto.tv/channels/686faf533ffa5e0c912688e7/colorLogoPNG_1762169254016.png,https://jmp2.uk/plu-686faf533ffa5e0c912688e7.m3u8,iptv-org
Pluto TV Snooker 900 (720p),Sports,,,,PlutoTVSnooker900.de@DACH,https://images.pluto.tv/channels/68ac5543a1ac0c90f2c8943e/colorLogoPNG_1760517341343.png,https://jmp2.uk/plu-68ac5543a1ac0c90f2c8943e.m3u8,iptv-org
Pluto TV Snooker 900 (720p),Sports,,,,PlutoTVSnooker900.de@ES,https://images.pluto.tv/channels/68ac5543a1ac0c90f2c8943e/colorLogoPNG_1760517341343.png,https://jmp2.uk/plu-69148c470155f9b136b5d856.m3u8,iptv-org
Pluto TV Snooker 900 (720p),Sports,,,,PlutoTVSnooker900.de@FR,https://images.pluto.tv/channels/68ac5543a1ac0c90f2c8943e/colorLogoPNG_1760517341343.png,https://jmp2.uk/plu-66fd35e44ca31f0008060b77.m3u8,iptv-org
Pluto TV Snooker 900 (720p),Sports,,,,PlutoTVSnooker900.de@IT,https://images.pluto.tv/channels/68ac5543a1ac0c90f2c8943e/colorLogoPNG_1760517341343.png,https://jmp2.uk/plu-69148c76e9dec35c9269a16c.m3u8,iptv-org
Pluto TV Snooker 900 (720p),Sports,,,,PlutoTVSnooker900.de@UK,https://images.pluto.tv/channels/68ac5543a1ac0c90f2c8943e/colorLogoPNG_1760517341343.png,https://jmp2.uk/plu-655b7cbb2c46f300086f0afa.m3u8,iptv-org
Pluto TV Snooker 900 (720p),Sports,,,,PlutoTVSnooker900.se@DK,https://images.pluto.tv/channels/68ac55bb3efb41cd979a65ec/colorLogoPNG_1760517441951.png,https://jmp2.uk/plu-68ac55bb3efb41cd979a65ec.m3u8,iptv-org
Pluto TV Snooker 900 (720p),Sports,,,,PlutoTVSnooker900.se@NO,https://images.pluto.tv/channels/68ac55bb3efb41cd979a65ec/colorLogoPNG_1760517441951.png,https://jmp2.uk/plu-68ac55fe3efb41cd979a6877.m3u8,iptv-org
Pluto TV Snooker 900 (720p),Sports,,,,PlutoTVSnooker900.se@SE,https://images.pluto.tv/channels/68ac55bb3efb41cd979a65ec/colorLogoPNG_1760517441951.png,https://jmp2.uk/plu-68ac56363efb41cd979a8005.m3u8,iptv-org
Pluto TV Snooker 900,Sports,,,,PlutoTVSnooker900.us@CA,https://images.pluto.tv/channels/639b4f75d3d35c0007d37b30/colorLogoPNG_1759333260607.png,https://jmp2.uk/plu-639b4f75d3d35c0007d37b30.m3u8,iptv-org
Pluto TV Sport,Sports,,,,PlutoTVSport.de@IT,https://images.pluto.tv/channels/608030eff4b6f70007e1684c/colorLogoPNG_1746816937164.png,https://jmp2.uk/plu-608030eff4b6f70007e1684c.m3u8,iptv-org
Pluto TV Sport,Sports,,,,PlutoTVSport.se@DK,https://images.pluto.tv/channels/6357f3de3643ba0007bc0b50/colorLogoPNG_1746816938506.png,https://jmp2.uk/plu-6357f3de3643ba0007bc0b50.m3u8,iptv-org
Pluto TV Sport,Sports,,,,PlutoTVSport.se@NO,https://images.pluto.tv/channels/6357f3de3643ba0007bc0b50/colorLogoPNG_1746816938506.png,https://jmp2.uk/plu-6357f33cb51d2d00077927c6.m3u8,iptv-org
Pluto TV Sport,Sports,,,,PlutoTVSport.se@SE,https://images.pluto.tv/channels/6357f3de3643ba0007bc0b50/colorLogoPNG_1746816938506.png,https://jmp2.uk/plu-62cd74e38f6f0d000798cd93.m3u8,iptv-org
Premier Sports (1080p),Sports,,,,PremierSports.ph@SD,https://i.imgur.com/BURPHzI.png,https://amg19223-amg19223c3-amgplt0351.playout.now3.amagi.tv/playlist/amg19223-amg19223c3-amgplt0351/playlist.m3u8,iptv-org
Premier Sports 2 (1080p),Sports,,,,PremierSports2.ph@SD,https://i.imgur.com/UQeXWd2.png,https://amg19223-amg19223c4-amgplt0351.playout.now3.amagi.tv/playlist/amg19223-amg19223c4-amgplt0351/playlist.m3u8,iptv-org
QazSport (480p) [Geo-blocked],Sports,,,,QazSport.kz@SD,https://i.imgur.com/UDJ0P5Q.png,https://qazsporttv-stream.qazcdn.com/qazsporttv/qazsporttv/playlist.m3u8,iptv-org
RACER International (1080p),Sports,,,,RACERInternational.pl@FAST,https://provider-static.plex.tv/epg/cms/production/dd4e5871-4347-49e3-9ea1-a8770ea9c518/RACER_Intl_logo_1500x1000.png,https://amg00378-mavtv-amg00378c2-rakuten-us-1048.playouts.now.amagi.tv/playlist/amg00378-mavtvfast-motorsportsnetwork-rakutenus/playlist.m3u8,iptv-org
Racer Network (1080p),Sports,,,,RacerNetwork.us@SD,https://upload.wikimedia.org/wikipedia/en/7/74/Racer_Network.jpg,https://amg00378-mavtv-amg00378c2-samsung-au-1790.playouts.now.amagi.tv/playlist/amg00378-mavtvfast-motorsportsnetwork-samsungau/playlist.m3u8,iptv-org
Racer Select (1080p),Sports,,,,RacerSelect.us@SD,https://i.imgur.com/CurtYvn.png,https://amg00378-amg00378c4-freelivesports-emea-5637.playouts.now.amagi.tv/playlist.m3u8,iptv-org
Rally TV (1080p),Sports,,,,RallyTV.us@SD,https://i.postimg.cc/WtLq2C7c/logo-Rally-Tv1.png,https://rally-tv-live.akamaized.net/hls/live/2117704/RallyTV-Pri/master.m3u8,iptv-org
Realitatea Sportiva (720p),Sports,,,,RealitateaSportiva.ro@SD,https://i.imgur.com/BaEyZto.png,https://stream.realitatea.net/realitatea/sportiva_md/ts:playlist.m3u8,iptv-org
Realmadrid TV (720p),Sports,,,,RealMadridTV.es@SD,https://i.imgur.com/5pMo7dL.png,https://jmp2.uk/plu-63dac28760bc8f0008a7654b.m3u8,iptv-org
Red Bull TV (1080p),Outdoor;Sports,,,,RedBullTV.at@EUMENA,https://images.pluto.tv/channels/5e7cb84a172a0f0007da69e4/colorLogoPNG.png,https://3ea22335.wurl.com/master/f36d25e7e52f1ba8d7e56eb859c636563214f541/UmFrdXRlblRWLWdiX1JlZEJ1bGxUVl9ITFM/playlist.m3u8,iptv-org
Red Bull TV (1080p),Outdoor;Sports,,,,RedBullTV.at@SD,https://images.pluto.tv/channels/5e7cb84a172a0f0007da69e4/colorLogoPNG.png,https://rbmn-live.akamaized.net/hls/live/590964/BoRB-AT/master.m3u8,iptv-org
Red Bull TV AU (1080p),Outdoor;Sports,,,,RedBullTV.at@AU,https://images.pluto.tv/channels/5e7cb84a172a0f0007da69e4/colorLogoPNG.png,https://db34cc6127ac459db55cab5f97cd66b9.mediatailor.us-west-2.amazonaws.com/v1/master/ba62fe743df0fe93366eba3a257d792884136c7f/LINEAR-680-WORBAUENFAST-WHALETVPLUS/680/whaletvplus/hls/master/playlist.m3u8,iptv-org
Red Bull TV DE (1080p),Outdoor;Sports,,,,RedBullTV.at@DE,https://images.pluto.tv/channels/5e7cb84a172a0f0007da69e4/colorLogoPNG.png,https://46cfeb23c7f74853bba7a256655a3119.mediatailor.us-west-2.amazonaws.com/v1/master/ba62fe743df0fe93366eba3a257d792884136c7f/LINEAR-582-WORBDACHDEFAST-WHALETVPLUS/582/whaletvplus/hls/master/playlist.m3u8,iptv-org
Red Bull TV ES (1080p),Outdoor;Sports,,,,RedBullTV.at@ES,https://images.pluto.tv/channels/5e7cb84a172a0f0007da69e4/colorLogoPNG.png,https://886bd3fbc782459f8de7555d32d7e9ce.mediatailor.us-west-2.amazonaws.com/v1/master/ba62fe743df0fe93366eba3a257d792884136c7f/LINEAR-957-WORBLATAMESFAST-WHALETVPLUS/957/whaletvplus/hls/master/playlist.m3u8,iptv-org
Red Bull TV UK (1080p),Outdoor;Sports,,,,RedBullTV.at@UK,https://images.pluto.tv/channels/5e7cb84a172a0f0007da69e4/colorLogoPNG.png,https://1a3566cb46914c5499fbc86fbc4ac87e.mediatailor.us-west-2.amazonaws.com/v1/master/ba62fe743df0fe93366eba3a257d792884136c7f/LINEAR-932-WORBUKENFAST-WHALETVPLUS/932/whaletvplus/hls/master/playlist.m3u8,iptv-org
Red Bull TV US (1080p),Outdoor;Sports,,,,RedBullTV.at@US,https://images.pluto.tv/channels/5e7cb84a172a0f0007da69e4/colorLogoPNG.png,https://0b73ace69ebb45eaa249bb87837cb958.mediatailor.us-west-2.amazonaws.com/v1/master/ba62fe743df0fe93366eba3a257d792884136c7f/LINEAR-644-WORBUSENFAST-LG_US/644/lgtv/hls/master/playlist.m3u8,iptv-org
Right Now Tv (720p),Entertainment;Sports,,,,RightNowTV.us@SD,https://i.imgur.com/OxbIla4.png,https://d35j504z0x2vu2.cloudfront.net/v1/master/0bc8e8376bd8417a1b6761138aa41c26c7309312/right-now-tv/playlist.m3u8?ads.vf=XXIrbw6_Odq,iptv-org
Sky Racing 1 (720p),Sports,,,,SkyRacing1.au@SD,https://i.imgur.com/Hf0EiaW.png,https://636ffd31f0e12.streamlock.net/RacingStream1/RacingStream1/playlist.m3u8,iptv-org
Sky Racing 2 (720p),Sports,,,,SkyRacing2.au@SD,https://i.imgur.com/TxQvFnQ.png,https://636ffd31f0e12.streamlock.net/RacingStream2/RacingStream2/playlist.m3u8,iptv-org
Sport,Sports,,,,Sport.uz@SD,https://i.imgur.com/2WJE9CM.png,https://stream8.cinerama.uz/1004/tracks-v1a1/mono.m3u8,iptv-org
Sportitalia (1080p),Sports,,,,Sportitalia.it@SD,https://i.imgur.com/0CJGGgd.png,https://edge-001.streamup.eu/sportitalia/sihd_abr/playlist.m3u8,iptv-org
Stadium (720p),Sports,,,,Stadium.us@SD,https://upload.wikimedia.org/wikipedia/en/thumb/5/53/Stadium_%28sports_network%29_logo.svg/960px-Stadium_%28sports_network%29_logo.svg.png,https://wurl120sports.global.transmit.live/hls/679a907dce42a042c23ace37/v1/stadium_gracenote/samsung_us/latest/main/hls/playlist.m3u8,iptv-org
Strongman (720p),Sports,,,,Strongman.us@UK,https://i.imgur.com/bVQBF6R.png,https://rightsboosterltd-scl-1-eu.rakuten.wurl.tv/playlist.m3u8,iptv-org
Strongman Champions League (720p),Sports,,,,Strongman.us@Germany,https://i.imgur.com/bVQBF6R.png,https://rightsboosterltd-scl-2-eu.rakuten.wurl.tv/playlist.m3u8,iptv-org
Strongman Champions League (720p),Sports,,,,StrongmanChampionsLeague.uk@SD,https://images-0.rakuten.tv/storage/global-live-channel/translation/artwork/30ccc088-dca7-4458-ad5a-328fef06e1ca-width200-quality90.png,https://rightsboosterltd-scl-1-be.samsung.wurl.tv/playlist.m3u8,iptv-org
SuperTennis (1080p),Sports,,,,SuperTennis.it@SD,https://upload.wikimedia.org/wikipedia/it/thumb/6/6a/SuperTennis_-_Logo_2016.svg/960px-SuperTennis_-_Logo_2016.svg.png,https://live-embed.supertennix.hiway.media/restreamer/supertennix_client/gpu-a-c0-16/restreamer/outgest/aa3673f1-e178-44a9-a947-ef41db73211a/manifest.m3u8,iptv-org
Suspilne. Sport,Sports,,,,SuspilneSport.ua@SD,https://i.imgur.com/16IhU0M.png,https://iptv.prosto.tv/ch112/tracks-v2a1/mono.m3u8?21yo=0&e=1783247457&id=921233&ip=178.136.40.86&live=1&secret=9szoe89y&st=jPS6nYqNZLDECF8uSDa74g,iptv-org
Swerve Combat (1080p),Sports,,,,SwerveSports.us@SD,https://i.imgur.com/GT0Yi2T.png,https://linear-253.frequency.stream/mt/roku/253/hls/master/playlist.m3u8,iptv-org
talkSPORT (1080p),Sports,,,,talkSPORT.uk@SD,https://upload.wikimedia.org/wikipedia/en/9/9d/Talksport_logo.png,https://af7a8b4e.wurl.com/master/f36d25e7e52f1ba8d7e56eb859c636563214f541/TEctZ2JfdGFsa1NQT1JUX0hMUw/playlist.m3u8,iptv-org
Tele Rebelde (480p) [Not 24/7],Sports,,,,TeleRebelde.cu@SD,https://i.imgur.com/M6wZzuz.png,https://tv.picta.cu/telerebelde/telerebelde_1.m3u8,iptv-org
Teletrak (720p),Sports,,,,TeletrakTV.cl@SD,https://i.imgur.com/NoJvlig.png,https://unlimited6-cl.dps.live/sportinghd/sportinghd.smil/playlist.m3u8,iptv-org
Tennis Channel (1080p),Sports,,,,TennisChannel.us@SD,https://i.imgur.com/tsljAnY.png,https://cdn-ue1-prod.tsv2.amagi.tv/linear/amg01444-tennischannelth-tennischannelnl-samsungnl/playlist.m3u8,iptv-org
TennisChannel 2 (720p),Sports,,,,TennisChannel.us@Plus2,https://i.imgur.com/tsljAnY.png,https://jmp2.uk/plu-681109b688b9d85d0938c6ba.m3u8,iptv-org
Tigo Sports+,Sports,,,,TigoSportsPlus.py@SD,https://upload.wikimedia.org/wikipedia/commons/thumb/3/3b/Tigo_Sports_2025.png/960px-Tigo_Sports_2025.png,http://45.170.130.224:8000/play/a04i/index.m3u8,iptv-org
TJK TV (1080p),Sports,,,,TJKTV.tr@SD,https://i.imgur.com/3zHdkYG.png,https://tjktv-live.tjk.org/tjktv.m3u8,iptv-org
TR Sport (480p),Sports,,,,TRSport.it@SD,https://i.imgur.com/ELXmaqg.png,https://livetr.teleromagna.it/mia/live/playlist.m3u8,iptv-org
Trace Sport Stars (Australia) (1080p),Sports,,,,TraceSportStars.fr@HD,https://i.imgur.com/FabFP5A.png,https://lightning-tracesport-samsungau.amagi.tv/playlist.m3u8,iptv-org
TSN The Ocho (1080p),Sports,,,,TSNTheOcho.ca@SD,https://tvpnlogopus.samsungcloud.tv/platform/image/sourcelogo/vc/00/02/34/CA1400003R3_20240709T002034SQUARE.png,https://d3pnbvng3bx2nj.cloudfront.net/v1/master/3722c60a815c199d9c0ef36c5b73da68a62b09d1/cc-rds8g35qfqrnv/TSN_The_Ocho.m3u8,iptv-org
Turf Movil (720p),Sports,,,,TurfMovil.cl@SD,https://i.imgur.com/TwIe4lK.png,https://tvturf4.janus.cl/playlist/stream.m3u8?d=w&id=,iptv-org
TV Cuatro 4.3 (1080p),Sports,,,,TVCuatro43.mx@SD,https://i.imgur.com/Of044Jx.png,https://5ca3e84a76d30.streamlock.net/tv43gto/tv43gto.smil/.m3u8,iptv-org
TVS Bowling Network (720p),Sports,,,,TVSBowlingNetwork.us@SD,https://www.watchyour.tv/channels/logo/tvs-bowling-network.jpg,https://rpn.bozztv.com/gusa/gusa-tvsbowling/index.m3u8,iptv-org
TVS Boxing (360p),Sports,,,,TVSBoxing.us@SD,https://i.imgur.com/30ZoF75.png,https://rpn.bozztv.com/gusa/gusa-tvsboxing/index.m3u8,iptv-org
South Korea – South Africa,Sports - Soccer,,,,sportsgames-69176,http://localhost:8765/icon/soccer,http://localhost:8766/proxy?url=https://streams.center/embed/ch1.php,sportsgames
Mexico – Czechia,Sports - Soccer,,,,sportsgames-89181,http://localhost:8765/icon/soccer,http://localhost:8766/proxy?url=https://streams.center/embed/ch3.php,sportsgames
Brazil – Scotland,Sports - Soccer,,,,sportsgames-29580,http://localhost:8765/icon/soccer,http://localhost:8766/proxy?url=https://streams.center/embed/ch3.php,sportsgames
Haiti – Morocco,Sports - Soccer,,,,sportsgames-13019,http://localhost:8765/icon/soccer,http://localhost:8766/proxy?url=https://streams.center/embed/ch1.php,sportsgames
Canada – Switzerland,Sports - Soccer,,,,sportsgames-76445,http://localhost:8765/icon/soccer,http://localhost:8766/proxy?url=https://streams.center/embed/ch3.php,sportsgames
Qatar – Bosnia-Herzegovina,Sports - Soccer,,,,sportsgames-53147,http://localhost:8765/icon/soccer,http://localhost:8766/proxy?url=https://streams.center/embed/ch1.php,sportsgames
Atlanta Dream – Golden State Valkyries,Sports - WNBA,,,,sportsgames-26467,http://localhost:8765/icon/wnba,http://localhost:8766/proxy?url=https://streams.center/embed/ch73.php,sportsgames
Portland Fire – Chicago Sky,Sports - Soccer,,,,sportsgames-19362,http://localhost:8765/icon/soccer,http://localhost:8766/proxy?url=https://streams.center/embed/ch72.php,sportsgames
Minnesota Lynx – Washington Mystics,Sports - WNBA,,,,sportsgames-59009,http://localhost:8765/icon/wnba,http://localhost:8766/proxy?url=https://streams.center/embed/ch71.php,sportsgames
Phoenix Mercury – Indiana Fever,Sports - WNBA,,,,sportsgames-68358,http://localhost:8765/icon/wnba,http://localhost:8766/proxy?url=https://streams.center/embed/ch70.php,sportsgames
Athletics – San Francisco Giants,Sports - MLB,,,,sportsgames-22767,https://a.espncdn.com/combiner/i?img=/i/teamlogos/mlb/500/sf.png,http://localhost:8766/proxy?url=https://embedsports.me/mlb/san-francisco-giants-vs-athletics-stream-1,sportsgames
Atlanta Braves – San Diego Padres,Sports - MLB,,,,sportsgames-88417,https://a.espncdn.com/combiner/i?img=/i/teamlogos/mlb/500/sd.png,http://localhost:8766/proxy?url=https://embedsports.me/mlb/san-diego-padres-vs-atlanta-braves-stream-1,sportsgames
Arizona Diamondbacks – St. Louis Cardinals,Sports - MLB,,,,sportsgames-17619,https://a.espncdn.com/combiner/i?img=/i/teamlogos/mlb/500/stl.png,http://localhost:8766/proxy?url=https://embedsports.me/mlb/st-louis-cardinals-vs-arizona-diamondbacks-stream-1,sportsgames
Los Angeles Dodgers – Minnesota Twins,Sports - MLB,,,,sportsgames-44616,https://a.espncdn.com/combiner/i?img=/i/teamlogos/mlb/500/min.png,http://localhost:8766/proxy?url=https://embedsports.me/mlb/minnesota-twins-vs-los-angeles-dodgers-stream-1,sportsgames
Milwaukee Brewers – Cincinnati Reds,Sports - MLB,,,,sportsgames-39680,https://a.espncdn.com/combiner/i?img=/i/teamlogos/mlb/500/cin.png,http://localhost:8766/proxy?url=https://embedsports.me/mlb/cincinnati-reds-vs-milwaukee-brewers-stream-1,sportsgames
Houston Astros – Toronto Blue Jays,Sports - MLB,,,,sportsgames-90023,https://a.espncdn.com/combiner/i?img=/i/teamlogos/mlb/500/tor.png,http://localhost:8766/proxy?url=https://embedsports.me/mlb/toronto-blue-jays-vs-houston-astros-stream-1,sportsgames
Philadelphia Phillies – Washington Nationals,Sports - MLB,,,,sportsgames-12178,https://a.espncdn.com/combiner/i?img=/i/teamlogos/mlb/500/was.png,http://localhost:8766/proxy?url=https://embedsports.me/mlb/washington-nationals-vs-philadelphia-phillies-stream-1,sportsgames
Seattle Mariners – Pittsburgh Pirates,Sports - MLB,,,,sportsgames-72997,https://a.espncdn.com/combiner/i?img=/i/teamlogos/mlb/500/pit.png,http://localhost:8766/proxy?url=https://embedsports.me/mlb/pittsburgh-pirates-vs-seattle-mariners-stream-1,sportsgames
New York Yankees – Detroit Tigers,Sports - MLB,,,,sportsgames-43478,https://a.espncdn.com/combiner/i?img=/i/teamlogos/mlb/500/det.png,http://localhost:8766/proxy?url=https://embedsports.me/mlb/detroit-tigers-vs-new-york-yankees-stream-1,sportsgames
Kansas City Royals – Tampa Bay Rays,Sports - MLB,,,,sportsgames-99130,https://a.espncdn.com/combiner/i?img=/i/teamlogos/mlb/500/tb.png,http://localhost:8766/proxy?url=https://embedsports.me/mlb/tampa-bay-rays-vs-kansas-city-royals-stream-1,sportsgames
